Date,signal,short_mav,long_mav,positions
2019-01-11,0.0,373.3692932128906,373.3692932128906,
2019-01-14,0.0,370.8048858642578,370.8048858642578,0.0
2019-01-15,0.0,369.75281778971356,369.75281778971356,0.0
2019-01-16,0.0,369.8555603027344,369.8555603027344,0.0
2019-01-17,0.0,369.7791259765625,369.7791259765625,0.0
2019-01-18,0.0,369.30077107747394,369.30077107747394,0.0
2019-01-21,0.0,368.9168134416853,368.9168134416853,0.0
2019-01-22,0.0,368.30212783813477,368.30212783813477,0.0
2019-01-23,0.0,367.6432156032986,367.6432156032986,0.0
2019-01-24,0.0,366.8596435546875,366.8596435546875,0.0
2019-01-25,0.0,365.53708718039775,365.53708718039775,0.0
2019-01-28,0.0,363.31302134195965,363.31302134195965,0.0
2019-01-29,0.0,361.6814950796274,361.6814950796274,0.0
2019-01-30,0.0,361.6251329694475,361.6251329694475,0.0
2019-01-31,0.0,361.48094482421874,361.48094482421874,0.0
2019-02-01,0.0,360.7506618499756,360.7506618499756,0.0
2019-02-04,0.0,360.10048899931064,360.10048899931064,0.0
2019-02-05,0.0,359.41844855414496,359.41844855414496,0.0
2019-02-06,0.0,359.1534118652344,359.1534118652344,0.0
2019-02-07,0.0,358.88282470703126,358.88282470703126,0.0
2019-02-08,0.0,357.72637329101565,358.47127423967635,0.0
2019-02-11,0.0,356.5773178100586,357.87073308771306,0.0
2019-02-12,0.0,355.17428436279295,357.07583220108694,0.0
2019-02-14,0.0,353.62823791503905,356.3327916463216,0.0
2019-02-15,0.0,352.02794189453124,355.5781787109375,0.0
2019-02-18,0.0,350.38819122314453,354.7526327279898,0.0
2019-02-19,0.0,348.9851593017578,354.15262518988715,0.0
2019-02-20,0.0,347.8089797973633,353.6641649518694,0.0
2019-02-21,0.0,347.0149948120117,353.41685643689385,0.0
2019-02-22,0.0,346.38621826171874,353.210693359375,0.0
2019-02-25,0.0,346.3073135375977,353.13078160439767,0.0
2019-02-26,0.0,346.53663177490233,352.8277778625488,0.0
2019-02-27,0.0,346.47251892089844,352.4639337713068,0.0
2019-02-28,0.0,345.6957977294922,352.25493576947383,0.0
2019-03-01,0.0,345.1927764892578,352.1734200613839,0.0
2019-03-05,0.0,345.6168914794922,352.3430116441515,0.0
2019-03-06,0.0,346.47498626708983,352.73535238729943,0.0
2019-03-07,0.0,347.370068359375,353.0771958200555,0.0
2019-03-08,0.0,347.9273391723633,353.3964515099159,0.0
2019-03-11,0.0,348.775569152832,353.82919692993164,0.0
2019-03-12,0.0,350.4079193115234,354.5379303722847,0.0
2019-03-13,0.0,352.4717819213867,355.299803960891,0.0
2019-03-14,0.0,354.6219482421875,355.93449082485466,0.0
2019-03-15,1.0,357.15430755615233,356.70620796897197,1.0
2019-03-18,1.0,359.9110565185547,357.5039021809896,0.0
2019-03-19,1.0,362.85273895263674,358.2744180430537,0.0
2019-03-20,1.0,365.3012634277344,358.8967265676945,0.0
2019-03-22,1.0,367.59937591552733,359.47050285339355,0.0
2019-03-25,1.0,369.18734283447264,359.8537896603954,0.0
2019-03-26,1.0,371.26107025146484,360.43084411621095,0.0
2019-03-27,1.0,373.11534118652344,360.9678637934666,0.0
2019-03-28,1.0,375.69701995849607,361.6236402071439,0.0
2019-04-01,1.0,378.29595947265625,362.2118679982311,0.0
2019-04-02,1.0,380.6137969970703,362.75821770562067,0.0
2019-04-03,1.0,382.4803970336914,363.1941389604048,0.0
2019-04-04,1.0,383.73794708251955,363.5554885864258,0.0
2019-04-05,1.0,384.6552200317383,363.93530594675167,0.0
2019-04-08,1.0,385.45906524658204,364.24335769127157,0.0
2019-04-09,1.0,386.76839447021484,364.70897454730533,0.0
2019-04-10,1.0,387.67333984375,365.1105779012044,0.0
2019-04-11,1.0,387.76457061767576,365.43191078060966,0.0
2019-04-12,1.0,387.89772338867186,365.8152618408203,0.0
2019-04-15,1.0,388.1369064331055,366.15747990683906,0.0
2019-04-16,1.0,388.7139038085937,366.70861291885376,0.0
2019-04-18,1.0,389.02705841064454,367.20333486703726,0.0
2019-04-22,1.0,388.83472747802733,367.53511787183356,0.0
2019-04-23,1.0,389.01226501464845,367.88643953693446,0.0
2019-04-24,1.0,389.4708999633789,368.2941490622128,0.0
2019-04-25,1.0,390.05775756835936,368.6085629670516,0.0
2019-04-26,1.0,390.7037948608398,369.0802586146763,0.0
2019-04-30,1.0,391.4090087890625,369.5428342147612,0.0
2019-05-02,1.0,391.1624298095703,369.82885954115125,0.0
2019-05-03,1.0,391.3375,370.1914932041952,0.0
2019-05-06,1.0,391.5421600341797,370.53766157820417,0.0
2019-05-07,1.0,391.2659912109375,370.6799662272135,0.0
2019-05-08,1.0,390.9429733276367,370.76272141306026,0.0
2019-05-09,1.0,390.49173431396486,370.8330795486252,0.0
2019-05-10,1.0,390.3931030273437,370.9484205979567,0.0
2019-05-13,1.0,389.36486968994143,370.95097331759297,0.0
2019-05-14,1.0,388.68431091308594,371.0040111541748,0.0
2019-05-15,1.0,388.0432098388672,370.9855182647705,0.0
2019-05-16,1.0,387.44648895263674,371.09832801818845,0.0
2019-05-17,1.0,387.29607543945315,371.30730361938475,0.0
2019-05-20,1.0,387.3305953979492,371.7067611694336,0.0
2019-05-21,1.0,387.12100372314455,372.0217651367187,0.0
2019-05-22,1.0,387.6560806274414,372.4329345703125,0.0
2019-05-23,1.0,388.36376037597654,372.9156120300293,0.0
2019-05-24,1.0,389.87528839111326,373.6886360168457,0.0
2019-05-27,1.0,391.85285034179685,374.52823638916016,0.0
2019-05-28,1.0,393.1893051147461,375.3850971221924,0.0
2019-05-29,1.0,393.96849365234374,376.2000392913818,0.0
2019-05-30,1.0,395.4800201416016,377.2190254211426,0.0
2019-05-31,1.0,396.5600357055664,378.1665035247803,0.0
2019-06-03,1.0,397.62525634765626,378.86925277709963,0.0
2019-06-04,1.0,399.2329498291016,379.5430286407471,0.0
2019-06-06,1.0,400.6803665161133,380.24454460144045,0.0
2019-06-07,1.0,402.41628112792966,381.0095554351807,0.0
2019-06-10,1.0,403.94506683349607,381.79182586669924,0.0
2019-06-11,1.0,406.1667419433594,382.5568363189697,0.0
2019-06-12,1.0,408.021012878418,383.2885581970215,0.0
2019-06-13,1.0,410.11939544677733,384.0837738037109,0.0
2019-06-14,1.0,411.85777587890624,384.9184425354004,0.0
2019-06-17,1.0,413.0660125732422,385.78023567199705,0.0
2019-06-18,1.0,413.7786239624023,386.74435768127444,0.0
2019-06-19,1.0,414.74767608642577,387.70169868469236,0.0
2019-06-20,1.0,416.13097991943357,388.86863174438474,0.0
2019-06-21,1.0,417.1148284912109,389.9480293273926,0.0
2019-06-24,1.0,417.0014022827148,390.9867416381836,0.0
2019-06-25,1.0,416.91016540527346,392.0020290374756,0.0
2019-06-26,1.0,417.1246871948242,393.06971435546876,0.0
2019-06-27,1.0,417.99510955810547,394.1219882965088,0.0
2019-06-28,1.0,418.5326522827148,395.2180305480957,0.0
2019-07-01,1.0,419.2871810913086,396.3701690673828,0.0
2019-07-02,1.0,419.97020416259767,397.437854385376,0.0
2019-07-03,1.0,420.8011749267578,398.4451282501221,0.0
2019-07-04,1.0,422.0168090820313,399.3445240020752,0.0
2019-07-05,1.0,422.9907943725586,400.1385074615479,0.0
2019-07-08,1.0,423.4740905761719,400.8178314208984,0.0
2019-07-09,1.0,423.82669830322266,401.5316761016846,0.0
2019-07-10,1.0,424.4628707885742,402.210383605957,0.0
2019-07-11,1.0,424.805615234375,402.68319778442384,0.0
2019-07-12,1.0,425.2642486572266,403.11655921936034,0.0
2019-07-15,1.0,425.66370391845703,403.54067459106443,0.0
2019-07-16,1.0,425.78452758789064,403.901912689209,0.0
2019-07-17,1.0,426.0261764526367,404.23047866821287,0.0
2019-07-18,1.0,425.29877014160155,404.480139541626,0.0
2019-07-19,1.0,424.2877960205078,404.6946624755859,0.0
2019-07-22,1.0,423.45215759277346,404.9499370574951,0.0
2019-07-23,1.0,422.4812530517578,405.32550659179685,0.0
2019-07-24,1.0,421.0928009033203,405.5276470184326,0.0
2019-07-25,1.0,419.6156982421875,405.7470775604248,0.0
2019-07-26,1.0,418.66296844482423,405.9595176696777,0.0
2019-07-29,1.0,418.290510559082,406.36880683898926,0.0
2019-07-30,1.0,417.8307846069336,406.7421012878418,0.0
2019-07-31,1.0,417.3733444213867,407.1683650970459,0.0
2019-08-01,1.0,416.52942047119143,407.5423923492432,0.0
2019-08-02,1.0,415.3584609985352,407.81431770324707,0.0
2019-08-05,1.0,414.3088745117187,408.03028373718263,0.0
2019-08-06,1.0,413.50769805908203,408.2165019989014,0.0
2019-08-07,1.0,412.496484375,408.41616973876955,0.0
2019-08-08,1.0,411.99713439941405,408.7413387298584,0.0
2019-08-09,1.0,411.7580795288086,409.0816482543945,0.0
2019-08-13,1.0,411.2626617431641,409.3221134185791,0.0
2019-08-14,1.0,411.00319213867186,409.4742347717285,0.0
2019-08-16,1.0,410.8205596923828,409.67885398864746,0.0
2019-08-19,1.0,411.1568145751953,410.06066131591797,0.0
2019-08-20,1.0,411.5827392578125,410.33728103637696,0.0
2019-08-21,1.0,411.65955352783203,410.4971004486084,0.0
2019-08-22,1.0,411.0227508544922,410.5667549133301,0.0
2019-08-23,0.0,410.37355651855466,410.4450874328613,-1.0
2019-08-26,0.0,410.50488128662107,410.52104568481445,0.0
2019-08-27,0.0,410.6461181640625,410.83043975830077,0.0
2019-08-28,0.0,409.83338928222656,410.9927791595459,0.0
2019-08-29,0.0,408.79517669677733,411.0553554534912,0.0
2019-08-30,0.0,408.05430297851564,411.36544303894044,0.0
2019-09-03,0.0,406.8203430175781,411.5117347717285,0.0
2019-09-04,0.0,406.17115173339846,411.73417205810546,0.0
2019-09-05,0.0,405.4947036743164,411.8056838989258,0.0
2019-09-06,0.0,404.5580825805664,412.0148052215576,0.0
2019-09-09,0.0,403.91632690429685,412.22417373657225,0.0
2019-09-11,0.0,402.9351058959961,412.4643127441406,0.0
2019-09-12,0.0,402.0703430175781,412.7376117706299,0.0
2019-09-13,0.0,402.2264465332031,413.0547061920166,0.0
2019-09-16,0.0,401.9712280273437,413.13439292907714,0.0
2019-09-17,0.0,401.06434020996096,413.16468811035156,0.0
2019-09-18,0.0,399.87250366210935,413.11476707458496,0.0
2019-09-19,0.0,398.3709381103516,412.8390754699707,0.0
2019-09-20,0.0,398.64102325439455,412.6885341644287,0.0
2019-09-23,0.0,400.9800964355469,412.84856643676756,0.0
2019-09-24,0.0,403.23492431640625,412.9564922332764,0.0
2019-09-25,0.0,404.35242767333983,413.1170291900635,0.0
2019-09-26,0.0,406.00514221191406,413.4617202758789,0.0
2019-09-27,0.0,407.8015701293945,413.8031627655029,0.0
2019-09-30,0.0,409.25358123779296,413.9624366760254,0.0
2019-10-01,0.0,409.9944549560547,414.0558193206787,0.0
2019-10-03,0.0,411.7363708496094,414.27573585510254,0.0
2019-10-04,0.0,412.5490982055664,414.2673763275146,0.0
2019-10-07,0.0,413.8920837402344,414.2924381256104,0.0
2019-10-09,1.0,416.1394790649414,414.50798950195315,1.0
2019-10-10,1.0,417.539453125,414.60378379821776,0.0
2019-10-11,1.0,419.2219009399414,414.7399391174316,0.0
2019-10-14,1.0,420.517805480957,414.9026191711426,0.0
2019-10-15,1.0,421.4321258544922,415.1462345123291,0.0
2019-10-16,1.0,422.579362487793,415.3345775604248,0.0
2019-10-17,1.0,424.5591506958008,415.6175567626953,0.0
2019-10-18,1.0,426.4646026611328,415.69817276000975,0.0
2019-10-22,1.0,429.6634826660156,415.9762390136719,0.0
2019-10-23,1.0,431.52681121826174,416.3198863983154,0.0
2019-10-24,1.0,431.94556427001953,416.6074161529541,0.0
2019-10-25,1.0,433.3430633544922,417.01108627319337,0.0
2019-10-27,1.0,435.09488983154296,417.39197425842286,0.0
2019-10-29,1.0,436.356103515625,417.91758308410647,0.0
2019-10-30,1.0,437.4438720703125,418.3423355102539,0.0
2019-10-31,1.0,438.8983581542969,418.6944751739502,0.0
2019-11-01,1.0,440.7641632080078,419.0465663909912,0.0
2019-11-04,1.0,442.90501098632814,419.49778633117677,0.0
2019-11-05,1.0,445.6033706665039,419.920520401001,0.0
2019-11-06,1.0,448.8047302246094,420.62509803771974,0.0
2019-11-07,1.0,450.87867279052733,421.2709831237793,0.0
2019-11-08,1.0,454.1370223999023,422.0223217010498,0.0
2019-11-11,1.0,457.5192626953125,422.918350982666,0.0
2019-11-13,1.0,460.3390350341797,423.6713157653809,0.0
2019-11-14,1.0,463.6494171142578,424.6426628112793,0.0
2019-11-15,1.0,466.8483001708984,425.6005207061768,0.0
2019-11-18,1.0,469.71019592285154,426.53856163024903,0.0
2019-11-19,1.0,472.47050018310546,427.49110527038573,0.0
2019-11-20,1.0,474.64355926513673,428.5651798248291,0.0
2019-11-21,1.0,476.7819290161133,429.6523292541504,0.0
2019-11-22,1.0,478.86578674316405,430.70354957580565,0.0
2019-11-25,1.0,480.2880615234375,431.80990142822264,0.0
2019-11-26,1.0,482.3273178100586,433.06987915039065,0.0
2019-11-27,1.0,483.71986083984376,434.18180618286135,0.0
2019-11-28,1.0,486.0985824584961,435.2943534851074,0.0
2019-11-29,1.0,488.5541137695312,436.3753074645996,0.0
2019-12-02,1.0,490.9650451660156,437.4444915771484,0.0
2019-12-03,1.0,492.89031982421875,438.58801116943357,0.0
2019-12-04,1.0,495.9083190917969,440.05798492431643,0.0
2019-12-05,1.0,498.2573013305664,441.61220474243163,0.0
2019-12-06,1.0,500.54929809570314,443.0313831329346,0.0
2019-12-09,1.0,502.38536834716797,444.4945426940918,0.0
2019-12-10,1.0,503.9662261962891,445.91062393188474,0.0
2019-12-11,1.0,506.3350326538086,447.31555404663084,0.0
2019-12-12,1.0,508.1537582397461,448.8654369354248,0.0
2019-12-13,1.0,509.9972640991211,450.3490386962891,0.0
2019-12-16,1.0,512.0241302490234,451.8394542694092,0.0
2019-12-17,1.0,514.3855087280274,453.29827880859375,0.0
2019-12-18,1.0,516.6849380493164,454.8407295227051,0.0
2019-12-19,1.0,518.7638381958008,456.42840042114256,0.0
2019-12-20,1.0,521.2069793701172,458.24960670471194,0.0
2019-12-23,1.0,523.3626907348632,460.0571849822998,0.0
2019-12-24,1.0,524.8692092895508,461.66096115112305,0.0
2019-12-26,1.0,526.5169677734375,463.1495185852051,0.0
2019-12-27,1.0,528.0160522460938,464.8400192260742,0.0
2019-12-30,1.0,529.5696533203125,466.5689266204834,0.0
2019-12-31,1.0,530.9572402954102,468.1702259063721,0.0
2020-01-01,1.0,532.3150939941406,469.9616989135742,0.0
2020-01-02,1.0,532.8775604248046,471.73458709716795,0.0
2020-01-03,1.0,533.4102935791016,473.59110221862795,0.0
2020-01-06,1.0,533.4548950195312,475.2555862426758,0.0
2020-01-07,1.0,533.2764923095704,476.83458404541017,0.0
2020-01-08,1.0,533.1402099609375,478.4618999481201,0.0
2020-01-09,1.0,533.7720581054688,480.2409828186035,0.0
2020-01-10,1.0,534.0148895263671,481.8125476837158,0.0
2020-01-13,1.0,534.0917022705078,483.37915725708007,0.0
2020-01-14,1.0,534.0099334716797,485.07585258483886,0.0
2020-01-15,1.0,533.7348876953125,486.76387481689454,0.0
2020-01-16,1.0,533.5242736816406,488.62906341552736,0.0
2020-01-17,1.0,533.1203857421875,490.0482410430908,0.0
2020-01-20,1.0,532.5628723144531,491.1453006744385,0.0
2020-01-21,1.0,532.0549194335938,492.2621837615967,0.0
2020-01-22,1.0,531.1505126953125,493.3604824066162,0.0
2020-01-23,1.0,530.6029113769531,494.29896087646483,0.0
2020-01-24,1.0,529.8323059082031,495.34770317077636,0.0
2020-01-27,1.0,529.500277709961,496.6306007385254,0.0
2020-01-28,1.0,528.97001953125,497.9141170501709,0.0
2020-01-29,1.0,528.4670166015625,499.1443603515625,0.0
2020-01-30,1.0,528.0507415771484,500.60999794006347,0.0
2020-01-31,1.0,527.396597290039,501.9672306060791,0.0
2020-02-03,1.0,526.8935974121093,502.94411582946776,0.0
2020-02-04,1.0,527.2850952148438,504.27099456787107,0.0
2020-02-05,1.0,527.9367645263671,505.64061584472654,0.0
2020-02-06,1.0,527.7038482666015,507.03749351501466,0.0
2020-02-07,1.0,527.5155334472656,508.3333995819092,0.0
2020-02-10,1.0,527.2850952148438,509.5555904388428,0.0
2020-02-11,1.0,527.3916412353516,510.7839752197266,0.0
2020-02-12,1.0,528.0705688476562,512.1653663635254,0.0
2020-02-13,1.0,528.2613586425781,513.278532409668,0.0
2020-02-14,1.0,528.9427612304687,514.4022285461426,0.0
2020-02-17,1.0,529.2772705078125,515.4782272338867,0.0
2020-02-18,1.0,529.7802703857421,516.3714855194091,0.0
2020-02-19,1.0,530.8680389404296,517.3037696838379,0.0
2020-02-20,1.0,531.8244812011719,518.1660552978516,0.0
2020-02-24,1.0,531.626254272461,518.8932987213135,0.0
2020-02-25,1.0,531.3140472412109,519.734523010254,0.0
2020-02-26,1.0,531.0910430908203,520.495837020874,0.0
2020-02-27,1.0,530.5335311889648,521.0514904022217,0.0
2020-02-28,1.0,528.8015274047851,521.4095371246337,0.0
2020-03-02,1.0,527.8326934814453,521.7242214202881,0.0
2020-03-03,1.0,527.7930465698242,522.172709274292,0.0
2020-03-04,1.0,526.6804992675782,522.4068637847901,0.0
2020-03-05,1.0,524.9658401489257,522.5022602081299,0.0
2020-03-06,0.0,522.2278366088867,522.5096939086914,-1.0
2020-03-09,0.0,518.3277282714844,522.0029773712158,0.0
2020-03-11,0.0,514.9430099487305,521.5792678833008,0.0
2020-03-12,0.0,509.2886001586914,520.6785762786865,0.0
2020-03-13,0.0,504.22886810302737,520.1049583435058,0.0
2020-03-16,0.0,497.3850952148438,518.9639163970947,0.0
2020-03-17,0.0,488.5367599487305,517.3409362792969,0.0
2020-03-18,0.0,479.2919692993164,515.5847728729248,0.0
2020-03-19,0.0,469.2493148803711,513.6117988586426,0.0
2020-03-20,0.0,459.38258972167966,511.5675876617432,0.0
2020-03-23,0.0,446.3491943359375,508.823388671875,0.0
2020-03-24,0.0,434.7851531982422,506.06494140625,0.0
2020-03-25,0.0,424.17755432128905,503.64038314819334,0.0
2020-03-26,0.0,414.5908233642578,501.4022815704346,0.0
2020-03-27,0.0,405.89363555908204,499.3023193359375,0.0
2020-03-30,0.0,396.78264770507815,496.6281192779541,0.0
2020-03-31,0.0,387.74599609375,494.096395111084,0.0
2020-04-01,0.0,377.65626525878906,491.4494510650635,0.0
2020-04-03,0.0,366.6695587158203,488.4779113769531,0.0
2020-04-07,0.0,357.82865447998046,485.9678672790527,0.0
2020-04-08,0.0,349.5328735351562,483.30915412902834,0.0
2020-04-09,0.0,343.8313842773438,480.92238388061526,0.0
2020-04-13,0.0,337.1412384033203,478.36526145935056,0.0
2020-04-15,0.0,332.2698211669922,475.7399990081787,0.0
2020-04-16,0.0,327.056462097168,473.272696685791,0.0
2020-04-17,0.0,325.70108795166016,471.21795387268065,0.0
2020-04-20,0.0,325.4062255859375,469.0015331268311,0.0
2020-04-21,0.0,324.2565124511719,466.3471561431885,0.0
2020-04-22,0.0,324.12766723632814,463.8030429840088,0.0
2020-04-23,0.0,324.48695220947263,461.4720233917236,0.0
2020-04-24,0.0,327.0069076538086,458.94587364196775,0.0
2020-04-27,0.0,329.55411834716796,456.44945793151857,0.0
2020-04-28,0.0,331.68257598876954,454.1686138153076,0.0
2020-04-29,0.0,333.6747528076172,452.0816596984863,0.0
2020-04-30,0.0,335.67188415527346,450.1415168762207,0.0
2020-05-04,0.0,336.89345397949216,447.63209266662597,0.0
2020-05-05,0.0,337.24530639648435,445.0551483154297,0.0
2020-05-06,0.0,338.74439392089846,442.7718257904053,0.0
2020-05-07,0.0,341.22718353271483,440.46558418273924,0.0
2020-05-08,0.0,341.8020416259766,438.1333251953125,0.0
2020-05-11,0.0,341.86150817871095,435.33151664733884,0.0
2020-05-12,0.0,340.79603881835936,432.61767120361327,0.0
2020-05-13,0.0,341.1627563476562,430.1330249786377,0.0
2020-05-14,0.0,341.1652328491211,427.52882385253906,0.0
2020-05-15,0.0,340.2087921142578,424.8911727905273,0.0
2020-05-18,0.0,336.3904541015625,421.9344989776611,0.0
2020-05-19,0.0,333.36749877929685,419.0633113861084,0.0
2020-05-20,0.0,332.0691146850586,416.22371673583984,0.0
2020-05-21,0.0,330.50560150146487,413.41571350097655,0.0
2020-05-22,0.0,327.4380447387695,410.5439064025879,0.0
2020-05-26,0.0,325.34923400878904,407.63245429992674,0.0
2020-05-27,0.0,323.9096145629883,404.96878509521486,0.0
2020-05-28,0.0,322.2742462158203,402.3621059417725,0.0
2020-05-29,0.0,320.3663162231445,399.93073387145995,0.0
2020-06-01,0.0,318.3394500732422,397.6096252441406,0.0
2020-06-02,0.0,318.85236206054685,395.3324977874756,0.0
2020-06-03,0.0,320.14083404541014,393.24120750427244,0.0
2020-06-04,0.0,320.4604751586914,391.1635452270508,0.0
2020-06-05,0.0,321.4739074707031,389.0127872467041,0.0
2020-06-08,0.0,322.569108581543,386.79141120910646,0.0
2020-06-09,0.0,323.97651824951174,384.3996841430664,0.0
2020-06-10,0.0,325.5524185180664,382.12689247131345,0.0
2020-06-11,0.0,325.71100158691405,379.7395015716553,0.0
2020-06-12,0.0,326.5435531616211,377.31680183410646,0.0
2020-06-15,0.0,326.95982818603517,374.61348762512205,0.0
2020-06-16,0.0,329.1626220703125,372.1598148345947,0.0
2020-06-17,0.0,331.2266571044922,369.63428535461424,0.0
2020-06-18,0.0,333.5236068725586,367.2853008270264,0.0
2020-06-19,0.0,336.46726989746094,365.08746337890625,0.0
2020-06-22,0.0,340.2583526611328,362.8914848327637,0.0
2020-06-23,0.0,344.3938522338867,360.7747970581055,0.0
2020-06-24,0.0,345.8433837890625,358.52306747436523,0.0
2020-06-25,0.0,347.04017639160156,356.2936382293701,0.0
2020-06-26,0.0,347.89007263183595,354.13049125671387,0.0
2020-06-29,0.0,348.08086547851565,351.99645881652833,0.0
2020-06-30,0.0,348.23201446533204,350.1901195526123,0.0
2020-07-01,1.0,348.5888214111328,348.43023948669435,1.0
2020-07-02,1.0,349.33217163085936,346.54832649230957,0.0
2020-07-03,1.0,349.52048645019534,344.7227840423584,0.0
2020-07-06,1.0,349.62207794189453,342.95547065734866,0.0
2020-07-07,1.0,350.98488464355466,341.5889461517334,0.0
2020-07-08,1.0,351.7753158569336,340.4887893676758,0.0
2020-07-09,1.0,353.2174133300781,339.3081024169922,0.0
2020-07-10,1.0,354.0177536010742,338.49909019470215,0.0
2020-07-13,1.0,355.13277740478514,337.33946495056153,0.0
2020-07-14,1.0,355.2616226196289,336.628946685791,0.0
2020-07-15,1.0,355.4524154663086,336.3631992340088,0.0
2020-07-16,1.0,355.08817291259766,336.2343517303467,0.0
2020-07-17,1.0,354.59260711669924,336.4232864379883,0.0
2020-07-20,1.0,354.3671249389648,336.637618637085,0.0
2020-07-21,1.0,354.4984497070312,337.8121109008789,0.0
2020-07-22,1.0,356.1338195800781,338.86023406982423,0.0
2020-07-23,1.0,358.1780303955078,339.7937572479248,0.0
2020-07-24,1.0,359.7985321044922,340.4324184417725,0.0
2020-07-27,1.0,360.56170349121095,340.66347579956056,0.0
2020-07-28,1.0,360.5939147949219,341.14293632507326,0.0
2020-07-29,1.0,359.9496780395508,341.48115997314454,0.0
2020-07-30,1.0,359.06261444091797,341.8999137878418,0.0
2020-07-31,1.0,358.3589096069336,342.6451217651367,0.0
2020-08-03,1.0,357.4371566772461,342.85759620666505,0.0
2020-08-04,1.0,356.1957641601563,343.2546688079834,0.0
2020-08-05,1.0,355.3656890869141,343.3723655700684,0.0
2020-08-06,1.0,354.79083251953125,343.7205009460449,0.0
2020-08-07,1.0,354.6718978881836,344.099609375,0.0
2020-08-10,1.0,355.1649856567383,344.3665958404541,0.0
2020-08-11,1.0,356.2453216552734,344.26500511169434,0.0
2020-08-12,1.0,357.2884887695312,344.3337650299072,0.0
2020-08-13,1.0,358.4481140136719,344.7822521209717,0.0
2020-08-14,1.0,358.82474517822266,345.0975559234619,0.0
2020-08-17,1.0,358.6859878540039,345.1873775482178,0.0
2020-08-18,1.0,358.2275894165039,345.6172813415527,0.0
2020-08-19,1.0,357.8980377197266,345.94621391296386,0.0
2020-08-20,1.0,356.6839004516602,346.04408836364746,0.0
2020-08-21,1.0,356.15612030029297,346.0527603149414,0.0
2020-08-24,1.0,357.23893280029296,346.0552379608154,0.0
2020-08-25,1.0,358.93624725341795,346.6536346435547,0.0
2020-08-26,1.0,360.8342681884766,347.3784004211426,0.0
2020-08-27,1.0,363.17581939697266,348.0077701568604,0.0
2020-08-28,1.0,366.2929321289063,348.9115589141846,0.0
2020-08-31,1.0,368.83766479492186,349.61650199890136,0.0
2020-09-01,1.0,370.8174514770508,350.49365463256834,0.0
2020-09-02,1.0,372.80962829589845,351.3757629394531,0.0
2020-09-03,1.0,373.9989868164063,351.92955856323243,0.0
2020-09-04,1.0,374.7225112915039,352.4889289855957,0.0
2020-09-07,1.0,375.21064453125,353.11705894470214,0.0
2020-09-08,1.0,375.6244430541992,354.0735023498535,0.0
2020-09-09,1.0,375.66161041259767,354.90729293823244,0.0
2020-09-10,1.0,375.79293670654295,355.71320762634275,0.0
2020-09-11,1.0,376.2439025878906,356.53213119506836,0.0
2020-09-14,1.0,376.41735076904297,357.43220405578614,0.0
2020-09-15,1.0,376.5164627075195,358.40908851623533,0.0
2020-09-16,1.0,376.52885284423826,359.1010234832764,0.0
2020-09-17,1.0,376.59079895019534,359.6232265472412,0.0
2020-09-18,1.0,376.51150970458986,360.08905868530275,0.0
2020-09-21,1.0,375.0421569824219,360.2309146881104,0.0
2020-09-22,1.0,373.4588226318359,360.305249786377,0.0
2020-09-23,1.0,371.60044860839844,360.24330406188966,0.0
2020-09-24,1.0,368.8004974365234,360.09277572631834,0.0
2020-09-25,1.0,365.77506561279296,359.98684844970705,0.0
2020-09-28,1.0,364.2090759277344,360.02649383544923,0.0
2020-09-29,1.0,362.5291061401367,360.1318016052246,0.0
2020-09-30,1.0,360.66329803466795,360.1534828186035,0.0
2020-10-01,0.0,359.99180755615237,360.49976005554197,-1.0
2020-10-05,0.0,360.01906433105466,360.8578067779541,0.0
2020-10-06,0.0,360.37587280273436,361.47107009887696,0.0
2020-10-07,0.0,360.7202911376953,361.9629196166992,0.0
2020-10-08,0.0,361.7064697265625,362.52724609375,0.0
2020-10-09,1.0,363.2328140258789,363.14050941467286,1.0
2020-10-12,1.0,364.8954391479492,363.63917350769043,0.0
2020-10-13,1.0,366.5085052490234,363.9947422027588,0.0
2020-10-14,1.0,368.2553771972656,364.3744697570801,0.0
2020-10-15,1.0,369.06314849853516,364.90596466064454,0.0
2020-10-16,1.0,370.4061340332031,365.4647159576416,0.0
2020-10-19,1.0,372.7625534057617,366.30717887878416,0.0
2020-10-20,1.0,375.92922058105466,367.19300346374513,0.0
2020-10-21,1.0,379.19500122070315,368.04599647521974,0.0
2020-10-22,1.0,382.2204330444336,368.65120697021484,0.0
2020-10-23,1.0,386.24691009521484,369.32146034240725,0.0
2020-10-26,1.0,389.0121704101563,369.8597694396973,0.0
2020-10-27,1.0,391.33885498046874,370.4556880950928,0.0
2020-10-28,1.0,393.27156219482424,370.703470993042,0.0
2020-10-29,1.0,395.50904388427733,371.08691482543946,0.0
2020-10-30,1.0,396.66866912841795,371.36257400512693,0.0
2020-11-02,1.0,398.8665054321289,372.0699947357178,0.0
2020-11-03,1.0,402.00096282958987,373.1881164550781,0.0
2020-11-04,1.0,404.696842956543,374.32172470092775,0.0
2020-11-05,1.0,407.22423095703124,375.47019996643064,0.0
2020-11-06,1.0,409.2709197998047,376.6861961364746,0.0
2020-11-09,1.0,412.1774169921875,378.0353759765625,0.0
2020-11-10,1.0,416.5185791015625,379.5326057434082,0.0
2020-11-11,1.0,420.47072143554686,380.867537689209,0.0
2020-11-12,1.0,424.7177261352539,382.05194129943845,0.0
2020-11-13,1.0,429.1505645751953,383.2078495025635,0.0
2020-11-14,1.0,432.6096160888672,384.5099498748779,0.0
2020-11-17,1.0,436.1677841186523,386.09452362060546,0.0
2020-11-18,1.0,440.00099182128906,387.89776573181155,0.0
2020-11-19,1.0,443.26429595947263,389.4798614501953,0.0
2020-11-20,1.0,446.3987533569336,391.1554950714111,0.0
2020-11-23,1.0,449.5604675292969,392.6601589202881,0.0
2020-11-24,1.0,452.94270782470704,394.332075881958,0.0
2020-11-25,1.0,456.74122619628906,395.8398365020752,0.0
2020-11-26,1.0,460.47779693603513,397.3649417877197,0.0
2020-11-27,1.0,464.4794952392578,398.7847396850586,0.0
2020-12-01,1.0,467.8320022583008,400.36002082824706,0.0
2020-12-02,1.0,469.6457748413086,401.8083137512207,0.0
2020-12-03,1.0,471.86591186523435,403.226872253418,0.0
2020-12-04,1.0,475.015234375,404.90188636779783,0.0
2020-12-07,1.0,478.36774291992185,406.6661033630371,0.0
2020-12-08,1.0,480.63248138427736,408.4873100280762,0.0
2020-12-09,1.0,482.00272369384766,410.36178970336914,0.0
2020-12-10,1.0,483.01367950439453,412.06406021118164,0.0
2020-12-11,1.0,484.93399810791016,413.81093139648436,0.0
2020-12-14,1.0,486.92865295410155,415.7690376281738,0.0
2020-12-15,1.0,488.4723419189453,417.589005279541,0.0
2020-12-16,1.0,489.76329193115237,419.2256134033203,0.0
2020-12-17,1.0,490.3951385498047,420.7624885559082,0.0
2020-12-18,1.0,492.2981155395508,422.34582328796387,0.0
2020-12-21,1.0,493.00677490234375,423.6132339477539,0.0
2020-12-22,1.0,494.5950637817383,424.7356918334961,0.0
2020-12-23,1.0,495.8538024902344,426.0861103057861,0.0
2020-12-24,1.0,497.878190612793,427.60502128601075,0.0
2020-12-28,1.0,500.0983261108398,429.1871162414551,0.0
2020-12-29,1.0,502.8462417602539,430.9965534210205,0.0
2020-12-30,1.0,505.00938720703124,432.9317398071289,0.0
2020-12-31,1.0,507.7151809692383,434.9344478607178,0.0
2021-01-01,1.0,509.9774444580078,436.8151226043701,0.0
2021-01-04,1.0,511.4468002319336,438.8481838226318,0.0
2021-01-05,1.0,512.7749176025391,440.9115985870361,0.0
2021-01-06,1.0,514.6729370117188,443.0945686340332,0.0
2021-01-07,1.0,516.1398101806641,445.2924045562744,0.0
2021-01-08,1.0,517.8792495727539,447.4047569274902,0.0
2021-01-11,1.0,519.3287841796875,449.51091423034666,0.0
2021-01-12,1.0,520.4289428710938,451.72857360839845,0.0
2021-01-13,1.0,522.3343963623047,454.04472694396975,0.0
2021-01-14,1.0,524.3587844848632,456.5547702789307,0.0
2021-01-15,1.0,525.974333190918,458.8913661956787,0.0
2021-01-18,1.0,526.767237854004,461.13752059936525,0.0
2021-01-19,1.0,529.3417083740235,463.74853668212893,0.0
2021-01-20,1.0,531.8542297363281,466.25548286437987,0.0
2021-01-21,1.0,534.2874603271484,468.60570640563964,0.0
2021-01-22,1.0,535.290982055664,470.7954902648926,0.0
2021-01-25,1.0,536.1805267333984,473.0664234161377,0.0
2021-01-27,1.0,535.8608825683593,474.9638221740723,0.0
2021-01-28,1.0,535.8361053466797,476.88600006103513,0.0
2021-01-29,1.0,535.9327392578125,478.8236644744873,0.0
2021-02-01,1.0,539.7139099121093,481.5635272979736,0.0
2021-02-02,1.0,543.9584320068359,484.4111743927002,0.0
2021-02-03,1.0,548.1757019042968,487.14732055664064,0.0
2021-02-04,1.0,552.2195220947266,489.92558937072755,0.0
2021-02-05,1.0,555.8396392822266,492.6251880645752,0.0
2021-02-08,1.0,560.1783203125,495.3854927062988,0.0
2021-02-09,1.0,564.5715148925781,498.38800582885744,0.0
2021-02-10,1.0,568.7417083740235,501.31246719360354,0.0
2021-02-11,1.0,572.4163330078125,503.9581718444824,0.0
2021-02-12,1.0,577.0895233154297,506.8448459625244,0.0
2021-02-15,1.0,583.5789642333984,509.98735694885255,0.0
2021-02-16,1.0,589.7834533691406,513.028275680542,0.0
2021-02-17,1.0,595.2792816162109,516.006629562378,0.0
2021-02-18,1.0,599.9202606201172,518.9825054168701,0.0
2021-02-19,1.0,603.4561248779297,521.6350238800048,0.0
2021-02-22,1.0,607.2249053955078,524.2838260650635,0.0
2021-02-23,1.0,611.1027099609375,526.9648399353027,0.0
2021-02-24,1.0,616.9875610351562,530.0435451507568,0.0
2021-02-25,1.0,621.9308349609375,532.6520824432373,0.0
2021-02-26,1.0,624.9414001464844,534.5587738037109,0.0
2021-03-01,1.0,625.166879272461,536.6810363769531,0.0
2021-03-02,1.0,624.8274200439453,538.8119716644287,0.0
2021-03-03,1.0,625.310595703125,541.1572395324707,0.0
2021-03-04,1.0,624.9364440917968,543.1153461456299,0.0
2021-03-05,1.0,624.7035247802735,544.671424484253,0.0
2021-03-08,1.0,623.6355804443359,546.1767074584961,0.0
2021-03-09,1.0,623.2267364501953,548.0152584075928,0.0
2021-03-10,1.0,622.9021362304687,549.7503601074219,0.0
2021-03-12,1.0,622.0200256347656,551.310774230957,0.0
2021-03-15,1.0,619.8345794677734,552.7615447998047,0.0
2021-03-16,1.0,615.9196075439453,553.9670108795166,0.0
2021-03-17,1.0,612.5076354980469,555.3391105651856,0.0
2021-03-18,1.0,608.6050476074219,556.558203125,0.0
2021-03-19,1.0,605.7307647705078,558.0250797271729,0.0
2021-03-22,1.0,603.2232025146484,559.2051475524902,0.0
2021-03-23,1.0,602.0611022949219,560.6137950897216,0.0
2021-03-24,1.0,599.6427398681641,561.7560756683349,0.0
2021-03-25,1.0,596.1960754394531,562.9726902008057,0.0
2021-03-26,1.0,593.7454986572266,564.1304565429688,0.0
2021-03-30,1.0,593.4332946777344,565.5056537628174,0.0
2021-03-31,1.0,592.1324340820313,566.7476669311524,0.0
2021-04-01,1.0,591.3345733642578,567.8918064117431,0.0
2021-04-05,1.0,588.3190521240234,568.6450668334961,0.0
2021-04-06,1.0,585.6008728027343,569.3574440002442,0.0
2021-04-07,1.0,584.0249725341797,570.1769866943359,0.0
2021-04-08,1.0,582.4713714599609,571.0411304473877,0.0
2021-04-09,1.0,579.5524871826171,571.6698806762695,0.0
2021-04-12,1.0,575.2385833740234,571.8278427124023,0.0
2021-04-13,1.0,572.6492523193359,572.3550018310547,0.0
2021-04-15,0.0,571.2468017578125,573.1324222564697,-1.0
2021-04-16,0.0,569.8592132568359,573.8330295562744,0.0
2021-04-19,0.0,568.3849029541016,574.3608074188232,0.0
2021-04-20,0.0,567.4185485839844,575.1611465454101,0.0
2021-04-22,0.0,567.049349975586,576.1386512756347,0.0
2021-04-23,0.0,566.8759002685547,576.9606719970703,0.0
2021-04-26,0.0,567.1088165283203,577.9214515686035,0.0
2021-04-27,0.0,568.6574615478515,578.8958595275878,0.0
2021-04-28,0.0,571.1253814697266,580.0424751281738,0.0
2021-04-29,0.0,573.2513641357422,581.1909507751465,0.0
2021-04-30,0.0,573.6998504638672,582.0018211364746,0.0
2021-05-03,0.0,574.4258575439453,582.8597702026367,0.0
2021-05-04,0.0,574.284619140625,583.601261138916,0.0
2021-05-05,0.0,575.8481292724609,584.4133697509766,0.0
2021-05-06,0.0,577.9443756103516,585.1753036499024,0.0
2021-05-07,0.0,579.4038177490235,585.9929885864258,0.0
2021-05-10,0.0,581.2151123046875,586.875096130371,0.0
2021-05-11,0.0,583.3782562255859,587.6822486877442,0.0
2021-05-12,0.0,586.1633392333985,588.2614418029785,0.0
2021-05-14,0.0,587.9820678710937,588.766919708252,0.0
2021-05-17,1.0,590.3806030273438,589.6378768920898,1.0
2021-05-18,1.0,593.6637298583985,590.7553787231445,0.0
2021-05-19,1.0,596.9196014404297,591.8988983154297,0.0
2021-05-20,1.0,599.8682220458984,592.7927749633789,0.0
2021-05-21,1.0,603.0026794433594,593.9257637023926,0.0
2021-05-24,1.0,606.8383605957031,595.0983970642089,0.0
2021-05-25,1.0,609.7721130371094,596.5417343139649,0.0
2021-05-26,1.0,612.4357818603515,597.9596733093261,0.0
2021-05-27,1.0,613.9670837402343,599.5690254211426,0.0
2021-05-28,1.0,615.0375061035156,600.9913009643554,0.0
2021-05-31,1.0,618.1224060058594,602.5492378234864,0.0
2021-06-01,1.0,620.7662506103516,603.1228553771973,0.0
2021-06-02,1.0,623.5810668945312,603.5069198608398,0.0
2021-06-03,1.0,625.9325317382812,603.8525772094727,0.0
2021-06-04,1.0,627.6422332763672,604.0309814453125,0.0
2021-06-07,1.0,629.6790130615234,604.45283203125,0.0
2021-06-08,1.0,631.1235900878906,604.6114135742188,0.0
2021-06-09,1.0,632.4244537353516,604.6454833984375,0.0
2021-06-10,1.0,634.6867156982422,604.7476936340332,0.0
2021-06-11,1.0,636.5896911621094,604.8102592468261,0.0
2021-06-14,1.0,637.162075805664,604.6560150146485,0.0
2021-06-15,1.0,637.7617095947265,604.3010650634766,0.0
2021-06-16,1.0,638.4877136230468,604.0749633789062,0.0
2021-06-17,1.0,639.2013305664062,603.7732872009277,0.0
2021-06-18,1.0,638.6041748046875,603.5967422485352,0.0
2021-06-21,1.0,637.8063171386718,603.6859451293946,0.0
2021-06-22,1.0,636.8424407958985,603.9461181640625,0.0
2021-06-23,1.0,635.4647674560547,604.0501876831055,0.0
2021-06-24,1.0,634.5628356933594,603.9628440856934,0.0
2021-06-25,1.0,634.857699584961,604.2230171203613,0.0
2021-06-28,1.0,634.2407196044921,604.8740676879883,0.0
2021-06-29,1.0,633.7451538085937,605.2674240112304,0.0
2021-06-30,1.0,632.8803924560547,605.5201629638672,0.0
2021-07-01,1.0,631.918994140625,605.5046768188477,0.0
2021-07-02,1.0,631.7975799560547,605.746265411377,0.0
2021-07-05,1.0,631.7802307128907,606.2220085144043,0.0
2021-07-06,1.0,632.171728515625,606.745450592041,0.0
2021-07-07,1.0,633.0587921142578,607.1034973144531,0.0
2021-07-08,1.0,633.1331268310547,607.3054412841797,0.0
2021-07-09,1.0,633.2743591308594,607.6238426208496,0.0
2021-07-12,1.0,633.8244354248047,608.1534790039062,0.0
2021-07-13,1.0,634.7982238769531,609.0207191467285,0.0
2021-07-14,1.0,635.9999725341797,609.9480476379395,0.0
2021-07-15,1.0,637.7071990966797,611.0488250732421,0.0
2021-07-16,1.0,639.1889404296875,611.9612861633301,0.0
2021-07-19,1.0,640.4105102539063,612.982772064209,0.0
2021-07-20,1.0,640.9581115722656,613.6703704833984,0.0
2021-07-22,1.0,642.5067565917968,614.7661918640136,0.0
2021-07-23,1.0,644.6178741455078,616.0682937622071,0.0
2021-07-26,1.0,645.9930694580078,617.2849098205567,0.0
2021-07-27,1.0,647.3385345458985,618.3503776550293,0.0
2021-07-28,1.0,649.5661041259766,619.6258415222168,0.0
2021-07-29,1.0,652.4707672119141,620.8042114257812,0.0
2021-07-30,1.0,655.1294006347656,622.2072639465332,0.0
2021-08-02,1.0,657.267529296875,623.6629295349121,0.0
2021-08-03,1.0,659.4763488769531,625.0848526000976,0.0
2021-08-04,1.0,662.7690185546875,626.8198623657227,0.0
2021-08-05,1.0,665.2719665527344,628.5333671569824,0.0
2021-08-06,1.0,668.1359802246094,630.5297904968262,0.0
2021-08-09,1.0,671.4244598388672,632.3176445007324,0.0
2021-08-10,1.0,674.2344360351562,633.9003875732421,0.0
2021-08-11,1.0,675.752392578125,635.4940139770508,0.0
2021-08-12,1.0,677.6877563476562,637.2737609863282,0.0
2021-08-13,1.0,679.640966796875,639.1044296264648,0.0
2021-08-16,1.0,681.841650390625,640.6593612670898,0.0
2021-08-17,1.0,684.1883117675782,642.3108749389648,0.0
2021-08-18,1.0,686.587612915039,643.5400695800781,0.0
2021-08-20,1.0,687.9129119873047,644.580054473877,0.0
2021-08-23,1.0,688.3117889404297,645.3648956298828,0.0
2021-08-24,1.0,689.2897094726562,646.2944961547852,0.0
2021-08-25,1.0,690.0639495849609,647.4414024353027,0.0
2021-08-26,1.0,690.8467529296875,648.7310653686524,0.0
2021-08-27,1.0,691.455599975586,650.0969566345215,0.0
2021-08-30,1.0,693.0038116455078,651.496184539795,0.0
2021-08-31,1.0,694.8750823974609,652.8956062316895,0.0
2021-09-01,1.0,696.3412841796875,654.3192192077637,0.0
2021-09-02,1.0,696.8631530761719,655.7318725585938,0.0
2021-09-03,1.0,697.9491363525391,657.1760871887207,0.0
2021-09-06,1.0,699.1171295166016,658.768238067627,0.0
2021-09-07,1.0,699.8154418945312,660.2759880065918,0.0
2021-09-08,1.0,700.8119598388672,661.508226776123,0.0
2021-09-09,1.0,702.1389984130859,662.6128311157227,0.0
2021-09-13,1.0,702.4396942138671,663.6537841796875,0.0
2021-09-14,1.0,702.5714050292969,664.7802253723145,0.0
2021-09-15,1.0,703.1529113769532,665.6969192504882,0.0
2021-09-16,1.0,704.4451568603515,666.712574005127,0.0
2021-09-17,1.0,706.0281585693359,667.6040809631347,0.0
2021-09-20,1.0,707.4844177246093,668.3422134399414,0.0
2021-09-21,1.0,708.9332214355469,669.1064300537109,0.0
2021-09-22,1.0,709.3755645751953,669.8790107727051,0.0
2021-09-23,1.0,710.6653259277343,670.5771324157715,0.0
2021-09-24,1.0,711.865625,671.5059089660645,0.0
2021-09-27,1.0,713.3691040039063,672.5439659118653,0.0
2021-09-28,1.0,713.5430572509765,673.3988159179687,0.0
2021-09-29,1.0,713.0684051513672,674.2521492004395,0.0
2021-09-30,1.0,712.1215850830079,674.9298622131348,0.0
2021-10-01,1.0,710.4913635253906,675.5738159179688,0.0
2021-10-04,1.0,709.2935516357422,676.3933616638184,0.0
2021-10-05,1.0,708.0982208251953,677.1211143493653,0.0
2021-10-06,1.0,706.7363922119141,677.812663269043,0.0
2021-10-07,1.0,705.8044860839843,678.6688293457031,0.0
2021-10-08,1.0,704.9670104980469,679.4141563415527,0.0
2021-10-11,1.0,705.2602508544921,680.3469184875488,0.0
2021-10-12,1.0,705.3174041748047,681.3092437744141,0.0
2021-10-13,1.0,705.0987182617188,682.3205551147461,0.0
2021-10-14,1.0,705.1036895751953,683.5369171142578,0.0
2021-10-18,1.0,706.3611450195312,684.983757019043,0.0
2021-10-19,1.0,708.2224761962891,686.531640625,0.0
2021-10-20,1.0,709.9123382568359,687.9438056945801,0.0
2021-10-21,1.0,712.5042846679687,689.290657043457,0.0
2021-10-22,1.0,714.6066680908203,690.6686195373535,0.0
2021-10-25,1.0,720.5087493896484,693.1968078613281,0.0
2021-10-26,1.0,725.4491027832031,695.6861434936524,0.0
2021-10-27,1.0,731.3064544677734,698.2456809997559,0.0
2021-10-28,1.0,735.7398498535156,700.2377166748047,0.0
2021-10-29,1.0,740.7696655273437,702.1772209167481,0.0
2021-11-01,1.0,746.3138977050781,704.109358215332,0.0
2021-11-02,1.0,751.3213470458984,705.9590003967285,0.0
2021-11-03,1.0,755.7373474121093,707.7721694946289,0.0
2021-11-04,1.0,760.3397277832031,709.579005432129,0.0
2021-11-08,1.0,764.2139770507813,711.2662147521972,0.0
2021-11-09,1.0,768.3466766357421,712.80126953125,0.0
2021-11-10,1.0,771.7065155029297,714.2735542297363,0.0
2021-11-11,1.0,774.8302734375,715.5900123596191,0.0
2021-11-12,1.0,778.1428924560547,717.0590431213379,0.0
2021-11-15,1.0,780.4291717529297,718.5415824890136,0.0
2021-11-16,1.0,781.3536224365234,720.0826347351074,0.0
2021-11-17,1.0,782.0419921875,721.4154495239258,0.0
2021-11-18,1.0,782.8894073486329,722.5116889953613,0.0
2021-11-22,1.0,782.7154510498046,723.4712524414062,0.0
2021-11-23,1.0,782.3451721191407,724.420278930664,0.0
2021-11-24,1.0,778.2944793701172,725.3789016723633,0.0
2021-11-25,1.0,774.4003448486328,726.168537902832,0.0
2021-11-26,1.0,768.7939880371093,726.6618278503418,0.0
2021-11-29,1.0,764.8029388427734,727.1215690612793,0.0
2021-11-30,1.0,760.4440948486329,727.419157409668,0.0
2021-12-01,1.0,756.6568206787109,727.5813087463379,0.0
2021-12-02,1.0,752.7527496337891,727.8291961669922,0.0
2021-12-03,1.0,749.2910247802735,728.0609306335449,0.0
2021-12-06,1.0,745.6851623535156,728.144181060791,0.0
2021-12-07,1.0,743.4237335205078,728.5635391235352,0.0
2021-12-08,1.0,741.776123046875,729.3072021484375,0.0
2021-12-09,1.0,740.4888458251953,729.9738265991211,0.0
2021-12-10,1.0,739.8203552246093,730.6348594665527,0.0
2021-12-13,1.0,738.6970977783203,731.2729049682617,0.0
2021-12-14,1.0,737.9689697265625,731.9867469787598,0.0
2021-12-15,1.0,737.3824890136718,732.7813537597656,0.0
2021-12-16,1.0,736.3809997558594,733.5324714660644,0.0
2021-12-17,1.0,734.6613189697266,734.0990715026855,0.0
2021-12-20,0.0,732.5713623046875,734.2916656494141,-1.0
2021-12-21,0.0,731.0057586669922,734.6557312011719,0.0
2021-12-22,0.0,729.643930053711,735.0781959533691,0.0
2021-12-23,0.0,728.6623229980469,735.4702186584473,0.0
2021-12-24,0.0,728.905859375,735.6373397827149,0.0
2021-12-27,0.0,729.7806091308594,735.8479507446289,0.0
2021-12-28,0.0,730.846713256836,736.0455146789551,0.0
2021-12-29,0.0,731.2443298339844,736.176602935791,0.0
2021-12-30,0.0,731.9053649902344,736.318253326416,0.0
2021-12-31,0.0,733.0907531738281,736.5543365478516,0.0
2022-01-03,0.0,735.8318054199219,737.1482719421386,0.0
2022-01-04,0.0,737.7304107666016,737.7931518554688,0.0
2022-01-05,1.0,739.4525726318359,738.635595703125,1.0
2022-01-06,1.0,740.9461090087891,739.6004302978515,0.0
2022-01-07,1.0,742.698095703125,740.6665321350098,0.0
2022-01-10,1.0,745.5186706542969,741.8643447875977,0.0
2022-01-11,1.0,748.103158569336,742.9012474060058,0.0
2022-01-12,1.0,751.6568328857422,744.1885223388672,0.0
2022-01-13,1.0,755.8094116210938,745.6137199401855,0.0
2022-01-14,1.0,760.3670623779296,746.9575317382812,0.0
2022-01-17,1.0,765.8019470214844,748.3982612609864,0.0
2022-01-18,1.0,770.9088012695313,749.7166000366211,0.0
2022-01-19,1.0,774.6761932373047,750.7808380126953,0.0
2022-01-20,1.0,778.600146484375,751.7779792785644,0.0
2022-01-21,1.0,782.4470611572266,752.8633407592773,0.0
2022-01-24,1.0,785.5509368896485,753.9685836791992,0.0
2022-01-25,1.0,788.8237976074219,755.2210678100586,0.0
2022-01-27,1.0,791.7537139892578,756.4921905517579,0.0
2022-01-28,1.0,794.0126586914063,757.498030090332,0.0
2022-01-31,1.0,796.4306457519531,758.6374427795411,0.0
2022-02-01,1.0,798.6970458984375,760.1384353637695,0.0
2022-02-02,1.0,800.7298461914063,761.5244918823242,0.0
2022-02-03,1.0,801.7686157226562,762.8359970092773,0.0
2022-02-04,1.0,802.7626525878907,763.9760307312011,0.0
2022-02-07,1.0,802.4221954345703,764.9427299499512,0.0
2022-02-08,1.0,801.51513671875,765.9684494018554,0.0
2022-02-09,1.0,801.1249786376953,766.9065696716309,0.0
2022-02-10,1.0,800.2179229736328,767.6527168273926,0.0
2022-02-11,1.0,798.5330322265625,768.1913589477539,0.0
2022-02-14,1.0,795.2378051757812,768.2888984680176,0.0
2022-02-15,1.0,793.0882049560547,768.5442413330078,0.0
2022-02-16,1.0,790.1533172607421,768.6032623291015,0.0
2022-02-17,1.0,787.2581909179687,767.4681983947754,0.0
2022-02-18,1.0,784.2089874267579,766.4679504394531,0.0
2022-02-21,1.0,781.7214172363281,765.467081451416,0.0
2022-02-22,1.0,779.377978515625,764.8781158447266,0.0
2022-02-23,1.0,776.5424926757812,764.164274597168,0.0
2022-02-24,1.0,772.2060150146484,762.9652198791504,0.0
2022-02-25,1.0,769.6662536621094,762.0842567443848,0.0
2022-02-28,1.0,767.3750030517579,761.5468566894531,0.0
2022-03-02,1.0,762.6309692382813,760.7112457275391,0.0
2022-03-03,0.0,756.8929046630859,759.6942237854004,-1.0
2022-03-04,0.0,750.8839630126953,758.4703186035156,0.0
2022-03-07,0.0,743.3640899658203,756.8904243469239,0.0
2022-03-08,0.0,737.3302978515625,755.5677360534668,0.0
2022-03-09,0.0,731.1150970458984,754.2115005493164,0.0
2022-03-10,0.0,724.8427368164063,753.0099609375,0.0
2022-03-11,0.0,718.5007965087891,751.939510345459,0.0
2022-03-14,0.0,713.7965301513672,751.1299934387207,0.0
2022-03-15,0.0,710.9958374023438,750.3155059814453,0.0
2022-03-16,0.0,707.6136352539063,749.7687873840332,0.0
2022-03-17,0.0,705.4292419433593,749.3742797851562,0.0
2022-03-21,0.0,703.4610534667969,748.7598419189453,0.0
2022-03-22,0.0,701.9352111816406,748.3516670227051,0.0
2022-03-23,0.0,700.1384918212891,748.3032073974609,0.0
2022-03-24,0.0,697.7975402832031,748.126766204834,0.0
2022-03-25,0.0,695.5435668945313,747.9391426086426,0.0
2022-03-28,0.0,695.690185546875,747.7235610961914,0.0
2022-03-29,0.0,694.9570831298828,747.6353401184082,0.0
2022-03-30,0.0,694.37060546875,747.8167518615722,0.0
2022-03-31,0.0,695.1384979248047,748.0745796203613,0.0
2022-04-01,0.0,697.0246795654297,748.0944602966308,0.0
2022-04-04,0.0,699.9347137451172,748.0099662780761,0.0
2022-04-05,0.0,704.3109497070312,747.8459503173829,0.0
2022-04-06,0.0,708.1181030273438,747.6421730041504,0.0
2022-04-07,0.0,712.1489135742188,747.5744544982911,0.0
2022-04-08,0.0,716.0107391357421,747.5204032897949,0.0
2022-04-11,0.0,720.0713684082032,747.6117301940918,0.0
2022-04-12,0.0,723.4361724853516,747.8937866210938,0.0
2022-04-13,0.0,726.66181640625,748.3156303405761,0.0
2022-04-18,0.0,729.136962890625,748.9101875305175,0.0
2022-04-19,0.0,731.4331848144532,749.4811363220215,0.0
2022-04-20,0.0,733.6598236083985,749.7638153076172,0.0
2022-04-21,0.0,735.8541534423828,750.149624633789,0.0
2022-04-22,0.0,737.3129028320312,750.4049682617188,0.0
2022-04-25,0.0,739.6985870361328,750.6062606811523,0.0
2022-04-26,0.0,742.4073303222656,750.829296875,0.0
2022-04-27,0.0,743.7169738769531,750.8417221069336,0.0
2022-04-28,0.0,745.2999755859375,750.983992767334,0.0
2022-04-29,0.0,745.9162750244141,751.0231323242188,0.0
2022-05-02,0.0,746.4480865478515,750.7286499023437,0.0
2022-05-04,0.0,745.8516662597656,750.1247741699219,0.0
2022-05-05,0.0,744.9669769287109,749.3885673522949,0.0
2022-05-06,0.0,743.8462036132812,748.5709739685059,0.0
2022-05-09,0.0,742.2930236816406,747.5409049987793,0.0
2022-05-10,0.0,740.4416320800781,746.3051948547363,0.0
2022-05-11,0.0,738.4485931396484,745.106761932373,0.0
2022-05-12,0.0,735.277621459961,743.5169273376465,0.0
2022-05-13,0.0,730.9784210205078,741.6860389709473,0.0
2022-05-16,0.0,727.0395568847656,739.9837539672851,0.0
2022-05-17,0.0,724.6638122558594,738.6256538391114,0.0
2022-05-18,0.0,721.7338928222656,737.187409210205,0.0
2022-05-19,0.0,718.490853881836,735.71748046875,0.0
2022-05-20,0.0,715.8666015625,734.4662384033203,0.0
2022-05-23,0.0,714.0475158691406,733.3050819396973,0.0
2022-05-24,0.0,711.858154296875,732.183065032959,0.0
2022-05-25,0.0,709.8502044677734,731.0858985900879,0.0
2022-05-26,0.0,709.4426483154297,730.2639556884766,0.0
2022-05-27,0.0,709.0773406982422,729.750163269043,0.0
2022-05-30,0.0,709.335791015625,729.2494186401367,0.0
2022-05-31,0.0,709.9247528076172,728.5355766296386,0.0
2022-06-01,0.0,711.3362823486328,727.7763832092285,0.0
2022-06-02,0.0,712.3775329589844,727.0407966613769,0.0
2022-06-03,0.0,713.6225616455079,726.2859512329102,0.0
2022-06-06,0.0,715.4317077636719,725.7932830810547,0.0
2022-06-07,0.0,716.6220672607421,725.0819274902344,0.0
2022-06-08,0.0,717.3825012207031,724.171142578125,0.0
2022-06-09,0.0,719.2189819335938,723.2671920776368,0.0
2022-06-10,0.0,721.3387634277344,722.3874717712403,0.0
2022-06-13,1.0,721.587271118164,721.5711204528809,1.0
2022-06-14,0.0,720.369580078125,720.4459976196289,-1.0
2022-06-15,0.0,719.3705780029297,719.4917243957519,0.0
2022-06-16,1.0,718.7840972900391,718.5989570617676,1.0
2022-06-17,0.0,717.6558685302734,717.8279586791992,-1.0
2022-06-20,0.0,716.4083557128906,716.9768165588379,0.0
2022-06-21,0.0,715.8094482421875,716.2909324645996,0.0
2022-06-22,0.0,714.4799255371094,715.57025680542,0.0
2022-06-23,0.0,713.0211822509766,715.4677474975585,0.0
2022-06-24,0.0,711.7115417480469,715.2614852905274,0.0
2022-06-27,0.0,710.163330078125,714.9465003967285,0.0
2022-06-28,0.0,708.0485229492188,714.889965057373,0.0
2022-06-29,0.0,705.5684051513672,714.9452583312989,0.0
2022-06-30,0.0,703.4535980224609,715.1832054138183,0.0
2022-07-01,0.0,701.4456481933594,715.806340789795,0.0
2022-07-04,0.0,700.12109375,716.4909820556641,0.0
2022-07-05,0.0,699.335806274414,717.1371047973632,0.0
2022-07-06,0.0,699.1593658447266,717.750299835205,0.0
2022-07-07,0.0,699.619107055664,718.5467697143555,0.0
2022-07-08,0.0,701.3934600830078,719.2867042541504,0.0
2022-07-11,0.0,705.4441528320312,720.1831993103027,0.0
2022-07-12,0.0,709.1419616699219,720.8280792236328,0.0
2022-07-13,0.0,712.419790649414,721.2393615722656,0.0
2022-07-14,0.0,716.0927490234375,721.7568809509278,0.0
2022-07-15,0.0,719.2910583496093,722.1669204711914,0.0
2022-07-18,1.0,723.5678924560547,722.8341667175293,1.0
2022-07-19,1.0,727.7701751708985,723.7840911865235,0.0
2022-07-20,1.0,732.5663940429688,724.8259635925293,0.0
2022-07-21,1.0,736.8829895019531,725.7659484863282,0.0
2022-07-22,1.0,741.187158203125,726.8190040588379,0.0
2022-07-25,1.0,745.3397399902344,727.6887840270996,0.0
2022-07-26,1.0,749.6140899658203,728.508863067627,0.0
2022-07-27,1.0,754.4724334716797,729.3071968078614,0.0
2022-07-28,1.0,759.8103973388672,730.1521263122559,0.0
2022-07-29,1.0,765.5111846923828,731.1063995361328,0.0
2022-08-01,1.0,770.645376586914,732.1228004455567,0.0
2022-08-02,1.0,775.5310577392578,732.9826408386231,0.0
2022-08-03,1.0,780.4440734863281,733.8586334228515,0.0
2022-08-04,1.0,784.3332336425781,734.6122360229492,0.0
2022-08-05,1.0,788.433627319336,735.5360679626465,0.0
2022-08-08,1.0,792.0356384277344,736.5266548156739,0.0
2022-08-10,1.0,796.70478515625,737.7200347900391,0.0
2022-08-11,1.0,802.2544342041016,738.9446739196777,0.0
2022-08-12,1.0,808.5788452148438,740.4866363525391,0.0
2022-08-16,1.0,815.2053955078125,742.0047309875488,0.0
2022-08-17,1.0,820.9981506347656,743.7554786682128,0.0
2022-08-18,1.0,826.4534851074219,745.4728157043457,0.0
2022-08-19,1.0,831.0520538330078,746.9871444702148,0.0
2022-08-22,1.0,834.5989837646484,748.4864509582519,0.0
2022-08-23,1.0,838.0301086425782,750.001537322998,0.0
2022-08-24,1.0,841.8889831542969,751.6819610595703,0.0
2022-08-25,1.0,845.9289855957031,753.3790878295898,0.0
2022-08-26,1.0,849.6852416992188,755.2655906677246,0.0
2022-08-29,1.0,851.9907043457031,756.9080581665039,0.0
2022-08-30,1.0,855.6698608398438,759.0623138427734,0.0
2022-09-01,1.0,858.4629455566406,761.1652809143067,0.0
2022-09-02,1.0,861.4393463134766,763.2320693969726,0.0
2022-09-05,1.0,864.5678527832031,765.3884483337403,0.0
2022-09-06,1.0,867.9825012207032,767.7884559631348,0.0
2022-09-07,1.0,870.1325012207031,770.3245880126954,0.0
2022-09-08,1.0,873.225,773.0730155944824,0.0
2022-09-09,1.0,875.85,775.5165817260743,0.0
2022-09-12,1.0,878.225,778.0674507141114,0.0
2022-09-13,1.0,880.0049987792969,780.8651725769043,0.0
2022-09-14,1.0,881.9474975585938,783.5249549865723,0.0
2022-09-15,1.0,883.6649963378907,786.1598487854004,0.0
2022-09-16,1.0,884.8649963378906,788.7245262145996,0.0
2022-09-19,1.0,886.3049957275391,791.1008422851562,0.0
2022-09-20,1.0,889.529995727539,793.5082878112793,0.0
2022-09-21,1.0,892.0974945068359,795.7565757751465,0.0
2022-09-22,1.0,893.6024963378907,797.7486373901368,0.0
2022-09-23,1.0,894.0974975585938,799.422274017334,0.0
2022-09-26,1.0,893.6074981689453,800.8333946228028,0.0
2022-09-27,1.0,893.4424987792969,802.174299621582,0.0
2022-09-28,1.0,891.5524993896485,803.5447982788086,0.0
2022-09-29,1.0,890.0300018310547,804.8148544311523,0.0
2022-09-30,1.0,889.5100006103515,806.454052734375,0.0
2022-10-03,1.0,887.8049987792969,807.9940727233886,0.0
2022-10-04,1.0,887.0049987792969,809.7349601745606,0.0
2022-10-06,1.0,887.4674987792969,811.8567718505859,0.0
2022-10-07,1.0,886.6549987792969,814.3399475097656,0.0
2022-10-10,1.0,885.6799987792969,816.8441864013672,0.0
2022-10-11,1.0,883.8499969482422,819.1873054504395,0.0
2022-10-12,1.0,881.7674957275391,821.6110221862793,0.0
2022-10-13,1.0,878.5424957275391,823.7466117858887,0.0
2022-10-14,1.0,876.1749969482422,826.1015090942383,0.0
2022-10-17,1.0,874.9799987792969,828.517163848877,0.0
2022-10-18,1.0,874.8649993896485,831.197110748291,0.0
2022-10-19,1.0,873.6324981689453,833.6611167907715,0.0
2022-10-20,1.0,872.3024993896485,835.9043151855469,0.0
2022-10-21,1.0,872.4899993896485,838.3303047180176,0.0
2022-10-24,1.0,874.6924987792969,841.0832679748535,0.0
2022-10-25,1.0,877.8924987792968,843.9144180297851,0.0
2022-10-27,1.0,881.4850006103516,846.6821502685547,0.0
2022-10-28,1.0,884.4024993896485,849.2840110778809,0.0
2022-10-31,1.0,887.6424987792968,851.6952056884766,0.0
2022-11-01,1.0,889.9724975585938,854.11322555542,0.0
2022-11-02,1.0,892.7899993896484,856.4017311096192,0.0
2022-11-03,1.0,894.8399993896485,858.5401832580567,0.0
2022-11-04,1.0,895.8324981689453,860.4665313720703,0.0
2022-11-07,1.0,897.5799987792968,862.373908996582,0.0
2022-11-09,1.0,899.0174987792968,864.3130706787109,0.0
2022-11-10,1.0,901.0225006103516,866.3379829406738,0.0
2022-11-11,1.0,902.9325012207031,868.3209602355957,0.0
2022-11-14,1.0,905.0000030517579,870.1738479614257,0.0
2022-11-15,1.0,907.0725036621094,871.9776618957519,0.0
2022-11-16,1.0,908.4925018310547,873.6977455139161,0.0
2022-11-17,1.0,909.6375,875.4648872375489,0.0
2022-11-18,1.0,911.05,877.2028694152832,0.0
2022-11-21,1.0,912.6875,878.7794006347656,0.0
2022-11-22,1.0,913.5149993896484,880.374119567871,0.0
2022-11-23,1.0,913.5725006103515,882.0728706359863,0.0
2022-11-24,1.0,914.2625,883.8619346618652,0.0
2022-11-25,1.0,914.5574981689454,885.3689254760742,0.0
2022-11-28,1.0,916.0350006103515,886.914965057373,0.0
2022-11-29,1.0,917.9375,888.518236541748,0.0
2022-11-30,1.0,920.1525024414062,890.268586730957,0.0
2022-12-01,1.0,921.9275024414062,891.7725883483887,0.0
2022-12-02,1.0,923.025,893.2131248474121,0.0
2022-12-05,1.0,924.4399993896484,894.4681243896484,0.0
2022-12-06,1.0,924.6975006103515,895.5393745422364,0.0
2022-12-07,1.0,925.2800018310547,896.4568748474121,0.0
2022-12-08,1.0,926.3400024414062,897.359375,0.0
2022-12-09,1.0,927.5075042724609,898.053125,0.0
2022-12-12,1.0,929.2750030517578,898.6912498474121,0.0
2022-12-13,1.0,930.3375030517578,899.3125,0.0
2022-12-14,1.0,930.745004272461,899.7706253051758,0.0
2022-12-15,1.0,930.1950042724609,900.2506248474122,0.0
2022-12-16,1.0,929.2775054931641,900.8724998474121,0.0
2022-12-19,1.0,928.5300048828125,901.4043746948242,0.0
2022-12-20,1.0,927.8300048828125,901.859375,0.0
2022-12-21,1.0,926.0700042724609,902.1081253051758,0.0
2022-12-22,1.0,923.6600067138672,902.3556259155273,0.0
2022-12-23,1.0,921.0900085449218,902.6437515258789,0.0
2022-12-26,1.0,918.8800079345704,902.7175018310547,0.0
2022-12-27,1.0,916.5750091552734,903.0462524414063,0.0
2022-12-28,1.0,913.8775085449219,903.3781272888184,0.0
2022-12-29,1.0,912.2700073242188,903.6981269836426,0.0
2022-12-30,1.0,910.2825073242187,903.788126373291,0.0
2023-01-02,1.0,908.7250091552735,904.116251373291,0.0
2023-01-03,1.0,907.6600067138672,904.1481262207031,0.0
2023-01-04,1.0,906.5075042724609,904.1212509155273,0.0
2023-01-05,1.0,903.870004272461,903.7706260681152,0.0
2023-01-06,0.0,900.8800018310546,903.2718757629394,-1.0
2023-01-09,0.0,898.0325012207031,902.7125007629395,0.0
2023-01-10,0.0,894.4524993896484,902.0093757629395,0.0
2023-01-11,0.0,891.6799987792969,901.4743759155274,0.0
2023-01-12,0.0,889.2725006103516,900.9925010681152,0.0
2023-01-13,0.0,887.8450012207031,900.4512512207032,0.0
2023-01-16,0.0,885.7850006103515,899.8262512207032,0.0
2023-01-17,0.0,883.5575012207031,899.3481262207031,0.0
2023-01-18,0.0,882.4200012207032,899.1887512207031,0.0
2023-01-19,0.0,881.1950012207031,899.2525016784668,0.0
2023-01-20,0.0,880.7674987792968,899.475001525879,0.0
2023-01-23,0.0,879.6924987792969,899.7525016784668,0.0
2023-01-24,0.0,878.1974975585938,900.0881263732911,0.0
2023-01-25,0.0,876.0149963378906,900.0043762207031,0.0
